;WN;VVD;CDA;PvdA;50+;AWP;PvdD;CU;SGP;Groen, Water & Land;Waterschapspartij Hollandse Delta;CU-SGP;Water, Wonen en Natuur;Ons Water;Waterbelang Parkstad;Lokaal Waterbeheer;Waterbelang Westelijke Mijnstreek;Waterbelang Midden-Limburg;De Groenen;Fryske Nasjonale Partij (FNP);West-Brabant Waterbreed;Gemeentebelangen Drenthe~Overijssel;Waterbelang Heuvelland;Vrienden van de Berkel;AWPenLRR niet politiek, wel lokaal;Lagere Lasten Burger;Lokaal Limburg;Waterbelang Venlo;Waterbelang Land van Weert + Leudal;Partij voor Zeeland;AWP niet politiek, wel deskundig;Hollandse Delta Natuurlijk;SGP-ChristenUnie;Waterbelang Maastricht;Waterbelang Venray en Maasduinen;Ouderen Appèl - Hart voor Water;Natuurlijk BBW;Waterbelang Horst-Helden-Beesel;Werken aan Water;Werk aan Water Flevoland;Waterschap@inwonersbelangen;OUDERENPARTIJ;Ons-Platteland;Waterschapspartij Zeeuws-Vlaanderen;Forum Duurzaam Effectief Waterschap;Waterschapspartij PUUR.;Betaalbaar Water;Vereniging Dorpshuizen en Kleine Kernen;AWP Niet Politiek Wel Deskundig;Trots op Nederland (TROTS);Socialistische Waterschapsvereniging;Ouderen Politiek Actief (OPA);Verenigde Senioren Partij;QUEER;Partij Sociaal Cultureel Centrum (PSCC);Blanco lijst 8;Blanco lijst 11;De Republikeinse Politieke Partij;Integer Liberaal;@abs;@inv;@blank
Aa en Hunze (Hunze en Aa's);4116;2707;832;2182;825;1370;;472;;;;;;;;;;;;;;;;;;;;;;;;;;;;;;;;;;;;;;;;;;;;;;;;;;;;8256;43;186
Aa en Hunze (Drents Overijsselse Delta);18;32;7;;6;6;;1;6;;;;;;;;;;;;;10;;;;;;;;;;;;;;;;;;;;;;;;;;;;;;;;;;;;;;79;0;3
Aalsmeer (Amstel, Gooi en Vecht);457;835;850;390;271;;326;220;;;;;;;;;;;110;;;;;;;;;;;;;;;;;;;;;;;;;;187;;;;;;38;;;14;;;;18;;3075;6;68
Aalsmeer (Rijnland);1630;2558;1740;970;825;390;777;;;;;660;;;;;;;;;;;;;;;;;;;;;;;;;;;;;;;;;;;;;;134;;;;;;;;;;7612;27;198
Aalten;1704;1446;4360;1364;654;551;;;;;;;;;;;;;;;;;;590;;;;;;;;;;;;;;;;;;;;;;;;593;;;;;;;;;;;;10261;35;211
Achtkarspelen;1076;614;2854;1155;418;;440;1754;;;;;;;;;;;;2470;;;;;;1120;;;;;;;;;;;;;;;;;;;;;;;;;;;;;;;;;;9763;21;158
Alblasserdam;753;940;1209;1028;616;;614;1345;1857;;;;;;;;;;;;;;;;396;;;;;;;;;;;;;;;;;;;;;;;;;;;;;;;;;;;6508;26;118
Albrandswaard;731;1747;1045;833;1098;430;;578;188;;2591;;;;;;;;;;;;;;;;;;;;;1155;;;;;;;;;;;;;;;;;;;;;;;;;;;;9047;56;178
Alkmaar;5363;4899;3733;7744;3962;3404;;1396;;13328;;;;;;;;;;;;;;;;;;;;;;;;;;;1788;;;;;;;;;;;;;;;;;;;;;;;41368;179;999
Almelo;7625;4036;4212;;2224;4193;;1656;370;;;;;;;;;;;;;;;;;;;;;;;;;;;;;;;;;1202;;;;;;;;;;;;;;237;;;;31795;127;633
Almere;;9236;3308;;9788;4882;;;;;;4312;26674;;;;;;;;;;;;;;;;;;;;;;;;;;;7023;;;;;;;;;;;;2777;;;;;;;;90284;501;1671
Alphen aan den Rijn (De Stichtse Rijnlanden);1;1;7;1;0;;0;2;1;;;;;;;;;;;;;;;;;;;;;;2;;;;;;;;;;0;;;;;;;;;;;;;;;;;;;8;0;0
Alphen aan den Rijn (Rijnland);5597;9553;8373;6097;3752;4038;4299;;;;;5016;;;;;;;;;;;;;;;;;;;;;;;;;;;;;;;;;;;;;;622;;;;;;;;;;40395;143;700
Alphen-Chaam (Brabantse Delta);454;869;1448;298;291;90;306;36;;;;;;441;;;;;;;251;;;;;;;;;;;;;;;;;;;;;;;;;;;;;;;;;;;;;;;3654;24;99
Alphen-Chaam (De Dommel);0;0;4;0;0;1;;0;;;;;;;;;;;;;;;;;;;;;;;;;;;;0;;;0;;;;;;;;;;;;;;;;;;;;;0;0;0
Altena;2185;3082;6530;1165;1154;;1065;3146;3822;;;;;;;;;;;;;;;;939;;;;;;;;;;;;;;;;;;;;;;;;;;;;;;;;;;;20058;81;263
Ameland;422;241;345;196;130;;66;45;;;;;;;;;;;;82;;;;;;159;;;;;;;;;;;;;;;;;;;;;;;;;;;;;;;;;;1260;8;29
Amersfoort;12987;10923;6840;10183;4562;7733;;7784;1298;;;;;;;4255;;;;;;;;;;;;;;;;;;;;;;;;;;;;;;;;;;;;;571;;;;;;;52140;271;1763
Amstelveen (Amstel, Gooi en Vecht);5744;8027;2874;5272;2497;;4101;1397;;;;;;;;;;;1910;;;;;;;;;;;;;;;;;;;;;;;;;;1140;;;;;;361;;;146;;;;114;;32101;173;646
Amstelveen (Rijnland);228;302;125;211;85;63;203;;;;;26;;;;;;;;;;;;;;;;;;;;;;;;;;;;;;;;;;;;;;9;;;;;;;;;;877;1;20
Amsterdam (Rijnland);43;68;8;52;24;17;56;;;;;7;;;;;;;;;;;;;;;;;;;;;;;;;;;;;;;;;;;;;;6;;;;;;;;;;400;1;4
Amsterdam (Hollands Noorderkwartier);2364;1776;868;5114;2733;1324;;703;;4080;;;;;;;;;;;;;;;;;;;;;;;;;;;327;;;;;;;;;;;;;;;;;;;;;;;28122;188;718
Amsterdam (Amstel, Gooi en Vecht);42581;42306;11860;63526;14331;;58066;8239;;;;;;;;;;;28821;;;;;;;;;;;;;;;;;;;;;;;;;;7087;;;;;;3666;;;2853;;;;1042;;369093;2506;8161
Apeldoorn;9027;11434;7430;9433;7616;5499;;6335;3738;;;;;;;6744;;;;;;;;;;;;;;;;;;;;;;;;;;;;;;;;;;;;;1011;;;;;;;61386;365;1011
Appingedam (Noorderzijlvest);1107;300;476;845;250;275;;328;;;;;;;;;;;;;;;;;;;;;;;;;;;;;;;;;;;;;;;869;;;;;;;;;;;;;4966;25;75
Appingedam (Hunze en Aa's);15;10;12;3;3;0;;7;;;;;;;;;;;;;;;;;;;;;;;;;;;;;;;;;;;;;;;;;;;;;;;;;;;;30;0;0
Arnhem (Vallei en Veluwe);17;2;0;4;2;3;;1;0;;;;;;;1;;;;;;;;;;;;;;;;;;;;;;;;;;;;;;;;;;;;;0;;;;;;;10;0;0
Arnhem (Rijn en IJssel);10682;4939;3215;9018;2300;1506;;;;;;;;;;;;;;;;;;746;;;;;;;;;;;;;;;;;;;;;;;;338;;;;;;;;;;;;35492;262;1198
Arnhem (Rivierenland);4450;2955;2511;4263;2401;;3509;1203;242;;;;;;;;;;;;;;;;2000;;;;;;;;;;;;;;;;;;;;;;;;;;;;;;;;;;;34678;206;627
Assen (Hunze en Aa's);8140;2280;1895;4222;2591;1739;;3151;;;;;;;;;;;;;;;;;;;;;;;;;;;;;;;;;;;;;;;;;;;;;;;;;;;;21438;118;397
Assen (Noorderzijlvest);30;31;26;18;3;4;;20;;;;;;;;;;;;;;;;;;;;;;;;;;;;;;;;;;;;;;;6;;;;;;;;;;;;;94;0;0
Assen (Drents Overijsselse Delta);1169;871;348;;353;403;;638;76;;;;;;;;;;;;;320;;;;;;;;;;;;;;;;;;;;;;;;;;;;;;;;;;;;;;3593;6;85
Asten;2017;860;2769;466;491;273;;;;;;;;;;;;;;;;;;;;;;;;;;;;;;161;;;;;;;;;;;;;;;;;;;;;;;;6260;34;227
Baarle-Nassau (De Dommel);32;21;45;13;33;6;;2;;;;;;;;;;;;;;;;;;;;;;;;;;;;2;;;8;;;;;;;;;;;;;;;;;;;;;166;0;4
Baarle-Nassau (Brabantse Delta);246;332;859;144;244;53;174;21;;;;;;224;;;;;;;190;;;;;;;;;;;;;;;;;;;;;;;;;;;;;;;;;;;;;;;2856;11;36
Baarn;1747;2614;1357;1519;1283;889;;858;227;;;;;;;708;;;;;;;;;;;;;;;;;;;;;;;;;;;;;;;;;;;;;91;;;;;;;8368;54;225
Barendrecht;1405;2818;2158;1523;1628;1016;;1282;1276;;5436;;;;;;;;;;;;;;;;;;;;;1251;;;;;;;;;;;;;;;;;;;;;;;;;;;;17347;75;377
Barneveld;1373;3717;4149;1160;1430;1036;;4625;8319;;;;;;;1593;;;;;;;;;;;;;;;;;;;;;;;;;;;;;;;;;;;;;121;;;;;;;15271;81;296
Beek;569;666;;;387;377;;;;;;;;;111;;4093;145;;;;;256;;;;437;33;33;;;;;124;27;;;7;;;;;;;;;;;;;;;;;;;;;;5979;63;231
Beekdaelen;1316;1498;;;644;645;;;;;;;;;4735;;3717;239;;;;;943;;;;916;77;57;;;;;120;31;;;23;;;;;;;;;;;;;;;;;;;;;;14459;113;482
Beemster;396;657;525;492;202;769;;58;;1283;;;;;;;;;;;;;;;;;;;;;;;;;;;364;;;;;;;;;;;;;;;;;;;;;;;2934;11;73
Beesel;792;319;;;149;83;;;;;;;;;11;;24;465;;;;;12;;;;317;310;28;;;;;9;40;;;2859;;;;;;;;;;;;;;;;;;;;;;5519;43;129
Berg en Dal;3302;1730;3569;2097;1591;;2059;262;109;;;;;;;;;;;;;;;;853;;;;;;;;;;;;;;;;;;;;;;;;;;;;;;;;;;;12977;80;301
Bergeijk;1213;1372;1981;648;409;184;;65;;;;;;;;;;;;;;;;;;;;;;;;;;;;118;;;1615;;;;;;;;;;;;;;;;;;;;;7322;36;149
Bergen (Limburg);362;364;;;155;79;;;;;;;;;2;;14;100;;;;;15;;;;160;155;23;;;;;11;3864;;;15;;;;;;;;;;;;;;;;;;;;;;5498;22;115
Bergen (Hollands Noorderkwartier);2229;2427;1646;1851;1007;1097;;354;;3920;;;;;;;;;;;;;;;;;;;;;;;;;;;625;;;;;;;;;;;;;;;;;;;;;;;9744;57;300
Bergen op Zoom;1920;3928;2000;2065;1964;395;1671;318;;;;;;7539;;;;;;;2287;;;;;;;;;;;;;;;;;;;;;;;;;;;;;;;;;;;;;;;30114;102;335
Berkelland (Rijn en IJssel);1782;2766;4262;2018;860;646;;;;;;;;;;;;;;;;;;7828;;;;;;;;;;;;;;;;;;;;;;;;460;;;;;;;;;;;;14758;67;246
Berkelland (Vechtstromen);9;9;75;;4;1;;0;1;;;;;;;;;;;;;;;;;;;;;;;;;;;;;;;;;6;;;;;;;;;;;;;;0;;;;70;0;4
Bernheze;3087;2147;3572;1066;983;596;;;;;;;;;;;;;;;;;;;;;;;;;;;;;;464;;;;;;;;;;;;;;;;;;;;;;;;12401;38;289
Best;3811;1869;1552;1109;1273;613;;419;;;;;;;;;;;;;;;;;;;;;;;;;;;;298;;;539;;;;;;;;;;;;;;;;;;;;;12034;67;357
Beuningen;2067;1823;1975;1339;1411;;1063;229;59;;;;;;;;;;;;;;;;567;;;;;;;;;;;;;;;;;;;;;;;;;;;;;;;;;;;10183;46;242
Beverwijk;1545;1671;1550;2544;1597;978;;414;;3947;;;;;;;;;;;;;;;;;;;;;;;;;;;423;;;;;;;;;;;;;;;;;;;;;;;18120;65;363
Bladel;2008;1123;1965;788;780;245;;57;;;;;;;;;;;;;;;;;;;;;;;;;;;;176;;;533;;;;;;;;;;;;;;;;;;;;;8387;45;261
Blaricum;616;1915;661;495;395;;456;232;;;;;;;;;;;161;;;;;;;;;;;;;;;;;;;;;;;;;;198;;;;;;38;;;11;;;;16;;3384;20;106
Bloemendaal;1441;3683;1907;1377;445;1031;1358;;;;;410;;;;;;;;;;;;;;;;;;;;;;;;;;;;;;;;;;;;;;88;;;;;;;;;;6352;32;86
Bodegraven-Reeuwijk (Rijnland);1194;2441;2090;887;580;652;764;;;;;2036;;;;;;;;;;;;;;;;;;;;;;;;;;;;;;;;;;;;;;145;;;;;;;;;;8041;26;135
Bodegraven-Reeuwijk (De Stichtse Rijnlanden);515;748;1036;243;228;;234;476;830;;;;;;;;;;;;;;;;;;;;;;194;;;;;;;;;;281;;;;;;;;;;;;;;;;;;;3608;15;63
Boekel;829;433;2182;200;234;159;;;;;;;;;;;;;;;;;;;;;;;;;;;;;;118;;;;;;;;;;;;;;;;;;;;;;;;4172;34;97
Borger-Odoorn (Hunze en Aa's);2750;1370;1062;1919;1004;1108;;706;;;;;;;;;;;;;;;;;;;;;;;;;;;;;;;;;;;;;;;;;;;;;;;;;;;;8418;44;135
Borger-Odoorn (Vechtstromen);508;286;186;;108;217;;42;11;;;;;;;;;;;;;;;;;;;;;;;;;;;;;;;;;125;;;;;;;;;;;;;;5;;;;951;10;29
Borne;2762;1686;2343;;679;1887;;371;72;;;;;;;;;;;;;;;;;;;;;;;;;;;;;;;;;425;;;;;;;;;;;;;;99;;;;7752;47;185
Borsele;748;881;2112;884;713;;;496;2199;;;;;;;;;;;;;;;;;;;;;2067;;;;;;;;;;;;;;130;;;;;631;;;;;;;;;;;7045;39;72
Boxmeer;3131;1983;4353;1182;953;903;;;;;;;;;;;;;;;;;;;;;;;;;;;;;;355;;;;;;;;;;;;;;;;;;;;;;;;10564;66;323
Boxtel;3977;1674;1945;1380;867;491;;133;;;;;;;;;;;;;;;;;;;;;;;;;;;;243;;;644;;;;;;;;;;;;;;;;;;;;;12972;96;334
Breda;8409;15566;7656;7657;5736;2063;8390;946;;;;;;8662;;;;;;;5326;;;;;;;;;;;;;;;;;;;;;;;;;;;;;;;;;;;;;;;67736;371;1618
Brielle;491;960;487;551;444;201;;194;81;;2882;;;;;;;;;;;;;;;;;;;;;1221;;;;;;;;;;;;;;;;;;;;;;;;;;;;6529;38;115
Bronckhorst;2782;2830;4926;2190;854;1180;;;;;;;;;;;;;;;;;;1448;;;;;;;;;;;;;;;;;;;;;;;;1013;;;;;;;;;;;;12297;60;283
Brummen;1288;1595;1162;1523;826;632;;413;109;;;;;;;1345;;;;;;;;;;;;;;;;;;;;;;;;;;;;;;;;;;;;;82;;;;;;;7946;47;198
Brunssum;899;1638;;;544;309;;;;;;;;;5021;;717;185;;;;;251;;;;910;65;53;;;;;84;24;;;12;;;;;;;;;;;;;;;;;;;;;;12549;68;299
Bunnik;3159;1039;1121;567;299;;594;409;210;;;;;;;;;;;;;;;;;;;;;;421;;;;;;;;;;188;;;;;;;;;;;;;;;;;;;3737;31;116
Bunschoten;317;985;2262;278;545;237;;3209;1321;;;;;;;627;;;;;;;;;;;;;;;;;;;;;;;;;;;;;;;;;;;;;57;;;;;;;6602;33;108
Buren;1817;2490;1965;1158;1033;;1206;586;1138;;;;;;;;;;;;;;;;624;;;;;;;;;;;;;;;;;;;;;;;;;;;;;;;;;;;9198;38;168
Capelle aan den IJssel;6202;4406;1662;3226;3298;1659;;;;;;;;;;;;;;;;;;;;;;;;;;;3267;;;;;;;;;;1009;;;;;;;;;;;;;;;;;28480;103;428
Castricum;2177;2391;2443;2181;1052;1469;;379;;5549;;;;;;;;;;;;;;;;;;;;;;;;;;;475;;;;;;;;;;;;;;;;;;;;;;;10695;71;310
Coevorden (Vechtstromen);5419;2678;2677;;941;1761;;632;164;;;;;;;;;;;;;;;;;;;;;;;;;;;;;;;;;922;;;;;;;;;;;;;;78;;;;12716;75;279
Coevorden (Hunze en Aa's);22;2;2;8;4;5;;3;;;;;;;;;;;;;;;;;;;;;;;;;;;;;;;;;;;;;;;;;;;;;;;;;;;;25;2;1
Coevorden (Drents Overijsselse Delta);35;30;31;;33;17;;10;24;;;;;;;;;;;;;16;;;;;;;;;;;;;;;;;;;;;;;;;;;;;;;;;;;;;;87;1;5
Cranendonck;1239;1011;1481;614;709;2153;;81;;;;;;;;;;;;;;;;;;;;;;;;;;;;174;;;493;;;;;;;;;;;;;;;;;;;;;7837;42;274
Cuijk;2748;1303;2063;1112;693;1547;;;;;;;;;;;;;;;;;;;;;;;;;;;;;;322;;;;;;;;;;;;;;;;;;;;;;;;10269;47;232
Culemborg;3136;1763;1574;1757;1030;;1529;572;199;;;;;;;;;;;;;;;;544;;;;;;;;;;;;;;;;;;;;;;;;;;;;;;;;;;;10220;54;225
Dalfsen;1593;1572;4277;;649;741;;1837;640;;;;;;;;;;;;;2443;;;;;;;;;;;;;;;;;;;;;;;;;;;;;;;;;;;;;;8448;34;178
Dantumadiel;948;559;1874;642;259;;335;1399;;;;;;;;;;;;1108;;;;;;1296;;;;;;;;;;;;;;;;;;;;;;;;;;;;;;;;;;6550;19;93
De Bilt (Vallei en Veluwe);1;3;0;0;0;3;;2;0;;;;;;;0;;;;;;;;;;;;;;;;;;;;;;;;;;;;;;;;;;;;;0;;;;;;;2;0;0
De Bilt (De Stichtse Rijnlanden);5944;3463;1963;1939;899;;2339;1147;881;;;;;;;;;;;;;;;;;;;;;;1256;;;;;;;;;;723;;;;;;;;;;;;;;;;;;;11955;91;314
De Bilt (Amstel, Gooi en Vecht);88;66;247;29;27;;60;119;;;;;;;;;;;17;;;;;;;;;;;;;;;;;;;;;;;;;;18;;;;;;10;;;0;;;;1;;358;2;5
De Fryske Marren (Fryslân);3503;2463;5882;2205;916;;1091;1228;;;;;;;;;;;;4163;;;;;;1759;;;;;;;;;;;;;;;;;;;;;;;;;;;;;;;;;;16361;60;245
De Fryske Marren (Zuiderzeeland);;42;57;;86;32;;;;;;52;200;;;;;;;;;;;;;;;;;;;;;;;;;;;110;;;;;;;;;;;;13;;;;;;;;722;5;17
De Ronde Venen;3142;4488;5225;1761;1471;;1523;1335;;;;;;;;;;;758;;;;;;;;;;;;;;;;;;;;;;;;;;811;;;;;;185;;;51;;;;66;;14369;68;293
De Wolden (Vechtstromen);9;17;39;;6;17;;6;8;;;;;;;;;;;;;;;;;;;;;;;;;;;;;;;;;7;;;;;;;;;;;;;;1;;;;108;0;1
De Wolden (Drents Overijsselse Delta);1869;2397;1710;;640;1140;;720;246;;;;;;;;;;;;;3086;;;;;;;;;;;;;;;;;;;;;;;;;;;;;;;;;;;;;;7319;46;152
Delft;8737;5693;3166;6930;2056;7446;4743;;;;;1790;;;;;;;;;;;;;;;;;;;;;;;;;;;;;;;;;;1171;;;;;;;;;161;;120;;130;43814;204;1169
Delfzijl (Hunze en Aa's);746;261;190;339;323;224;;153;;;;;;;;;;;;;;;;;;;;;;;;;;;;;;;;;;;;;;;;;;;;;;;;;;;;2512;10;32
Delfzijl (Noorderzijlvest);1500;649;632;1042;500;524;;744;;;;;;;;;;;;;;;;;;;;;;;;;;;;;;;;;;;;;;;1179;;;;;;;;;;;;;8528;39;139
Den Helder;1349;2296;1972;2690;2793;1207;;1579;;5974;;;;;;;;;;;;;;;;;;;;;;;;;;;333;;;;;;;;;;;;;;;;;;;;;;;25039;135;488
Deurne;2919;2203;3264;1214;1266;590;;;;;;;;;;;;;;;;;;;;;;;;;;;;;;508;;;;;;;;;;;;;;;;;;;;;;;;13862;53;406
Deventer (Drents Overijsselse Delta);12936;6619;3059;;2894;3635;;2078;504;;;;;;;;;;;;;5108;;;;;;;;;;;;;;;;;;;;;;;;;;;;;;;;;;;;;;35391;173;1038
Deventer (Rijn en IJssel);443;605;748;331;116;444;;;;;;;;;;;;;;;;;;116;;;;;;;;;;;;;;;;;;;;;;;;66;;;;;;;;;;;;1707;4;40
Deventer (Vallei en Veluwe);373;132;89;182;76;91;;15;9;;;;;;;101;;;;;;;;;;;;;;;;;;;;;;;;;;;;;;;;;;;;;9;;;;;;;692;1;26
Diemen;1808;1728;703;2165;957;;1641;397;;;;;;;;;;;666;;;;;;;;;;;;;;;;;;;;;;;;;;440;;;;;;138;;;76;;;;39;;12281;84;258
Dinkelland;3221;1746;5050;;465;1397;;145;77;;;;;;;;;;;;;;;;;;;;;;;;;;;;;;;;;209;;;;;;;;;;;;;;42;;;;8601;48;163
Doesburg;1097;614;1009;931;396;226;;;;;;;;;;;;;;;;;;241;;;;;;;;;;;;;;;;;;;;;;;;163;;;;;;;;;;;;4500;23;110
Doetinchem;4694;3406;5016;4431;1736;1600;;;;;;;;;;;;;;;;;;971;;;;;;;;;;;;;;;;;;;;;;;;796;;;;;;;;;;;;22082;122;526
Dongen;1167;1643;1979;887;663;213;751;230;;;;;;1153;;;;;;;1040;;;;;;;;;;;;;;;;;;;;;;;;;;;;;;;;;;;;;;;11207;29;191
Dordrecht;5502;4908;3500;5243;3998;2356;;3094;2048;;10841;;;;;;;;;;;;;;;;;;;;;2372;;;;;;;;;;;;;;;;;;;;;;;;;;;;50961;270;844
Drechterland;1282;1118;1376;779;600;555;;147;;1893;;;;;;;;;;;;;;;;;;;;;;;;;;;1007;;;;;;;;;;;;;;;;;;;;;;;6730;31;147
Drimmelen (Rivierenland);0;4;0;0;0;;0;0;0;;;;;;;;;;;;;;;;0;;;;;;;;;;;;;;;;;;;;;;;;;;;;;;;;;;;2;0;0
Drimmelen (Brabantse Delta);846;1674;951;710;623;216;696;98;;;;;;2114;;;;;;;3163;;;;;;;;;;;;;;;;;;;;;;;;;;;;;;;;;;;;;;;11046;40;189
Dronten;;1994;1710;;1262;912;;;;;;2275;5705;;;;;;;;;;;;;;;;;;;;;;;;;;;3771;;;;;;;;;;;;417;;;;;;;;13685;79;267
Druten;1153;1225;1621;914;798;;689;136;47;;;;;;;;;;;;;;;;783;;;;;;;;;;;;;;;;;;;;;;;;;;;;;;;;;;;7536;32;173
Duiven;2282;1885;1905;1800;1011;474;;;;;;;;;;;;;;;;;;245;;;;;;;;;;;;;;;;;;;;;;;;1065;;;;;;;;;;;;9614;47;140
Echt-Susteren;1375;761;;;549;350;;;;;;;;;101;;706;7963;;;;;122;;;;729;122;74;;;;;47;22;;;19;;;;;;;;;;;;;;;;;;;;;;13239;91;427
Edam-Volendam;1633;1803;4398;1267;1369;1496;;261;;4363;;;;;;;;;;;;;;;;;;;;;;;;;;;555;;;;;;;;;;;;;;;;;;;;;;;11223;78;429
Ede;5496;7214;7250;4684;3455;3381;;8081;10115;;;;;;;3236;;;;;;;;;;;;;;;;;;;;;;;;;;;;;;;;;;;;;321;;;;;;;36344;181;843
Eemnes;540;895;781;624;324;292;;261;66;;;;;;;607;;;;;;;;;;;;;;;;;;;;;;;;;;;;;;;;;;;;;40;;;;;;;2750;11;58
Eersel;1826;1127;2422;860;521;237;;94;;;;;;;;;;;;;;;;;;;;;;;;;;;;176;;;625;;;;;;;;;;;;;;;;;;;;;7422;70;251
Eijsden-Margraten;1153;987;;;384;336;;;;;;;;;102;;78;81;;;;;7029;;;;416;43;23;;;;;594;15;;;9;;;;;;;;;;;;;;;;;;;;;;9576;105;310
Eindhoven;24458;10333;7443;13092;7969;3574;;2039;;;;;;;;;;;;;;;;;;;;;;;;;;;;3386;;;3553;;;;;;;;;;;;;;;;;;;;;111834;413;3506
Elburg;650;1098;1454;553;511;347;;2900;2155;;;;;;;951;;;;;;;;;;;;;;;;;;;;;;;;;;;;;;;;;;;;;46;;;;;;;7080;28;124
Emmen (Vechtstromen);10568;3515;5957;;3540;3868;;2078;336;;;;;;;;;;;;;;;;;;;;;;;;;;;;;;;;;4686;;;;;;;;;;;;;;159;;;;35881;223;720
Emmen (Hunze en Aa's);1656;571;1062;1217;1396;1095;;382;;;;;;;;;;;;;;;;;;;;;;;;;;;;;;;;;;;;;;;;;;;;;;;;;;;;8305;34;151
Enkhuizen;743;898;816;1193;529;604;;396;;1912;;;;;;;;;;;;;;;;;;;;;;;;;;;278;;;;;;;;;;;;;;;;;;;;;;;7357;38;206
Enschede;17811;8537;6475;;5879;11428;;4027;717;;;;;;;;;;;;;;;;;;;;;;;;;;;;;;;;;2646;;;;;;;;;;;;;;780;;;;69039;269;2199
Epe;1895;2497;2194;1831;1327;976;;1553;973;;;;;;;1738;;;;;;;;;;;;;;;;;;;;;;;;;;;;;;;;;;;;;118;;;;;;;11636;76;271
Ermelo;1069;1679;2133;904;744;788;;2516;1365;;;;;;;1335;;;;;;;;;;;;;;;;;;;;;;;;;;;;;;;;;;;;;60;;;;;;;8855;49;205
Etten-Leur;1268;2621;2130;1442;1266;439;1271;222;;;;;;2378;;;;;;;2837;;;;;;;;;;;;;;;;;;;;;;;;;;;;;;;;;;;;;;;18748;73;282
Geertruidenberg;831;1260;834;521;605;191;559;100;;;;;;2345;;;;;;;858;;;;;;;;;;;;;;;;;;;;;;;;;;;;;;;;;;;;;;;9081;44;115
Geldrop-Mierlo (De Dommel);4189;1727;1797;1726;1352;622;;337;;;;;;;;;;;;;;;;;;;;;;;;;;;;435;;;616;;;;;;;;;;;;;;;;;;;;;13893;75;410
Geldrop-Mierlo (Aa en Maas);690;421;468;273;281;166;;;;;;;;;;;;;;;;;;;;;;;;;;;;;;109;;;;;;;;;;;;;;;;;;;;;;;;2376;14;72
Gemert-Bakel;3080;1450;4086;1002;996;682;;;;;;;;;;;;;;;;;;;;;;;;;;;;;;508;;;;;;;;;;;;;;;;;;;;;;;;12278;44;339
Gennep;725;616;;;217;129;;;;;;;;;10;;32;243;;;;;21;;;;349;170;31;;;;;15;4072;;;12;;;;;;;;;;;;;;;;;;;;;;7053;25;201
Gilze en Rijen;980;1872;1775;1518;852;277;860;99;;;;;;1146;;;;;;;762;;;;;;;;;;;;;;;;;;;;;;;;;;;;;;;;;;;;;;;10748;49;244
Goeree-Overflakkee;845;2917;2132;1730;1001;618;;2294;4822;;5992;;;;;;;;;;;;;;;;;;;;;1509;;;;;;;;;;;;;;;;;;;;;;;;;;;;15778;93;164
Goes;1657;2010;3157;2069;1390;;;1056;1481;;;;;;;;;;;;;;;;;;;;;2604;;;;;;;;;;;;;;257;;;;;1158;;;;;;;;;;;13826;57;246
Goirle (Brabantse Delta);137;261;236;74;93;27;101;15;;;;;;146;;;;;;;145;;;;;;;;;;;;;;;;;;;;;;;;;;;;;;;;;;;;;;;1016;7;37
Goirle (De Dommel);2919;1292;1279;1251;723;255;;81;;;;;;;;;;;;;;;;;;;;;;;;;;;;192;;;306;;;;;;;;;;;;;;;;;;;;;8092;37;257
Gooise Meren;3697;7745;3394;3295;1795;;2852;1200;;;;;;;;;;;1347;;;;;;;;;;;;;;;;;;;;;;;;;;812;;;;;;202;;;96;;;;66;;17628;91;412
Gorinchem;2272;2155;1879;1970;1113;;1334;1139;573;;;;;;;;;;;;;;;;1229;;;;;;;;;;;;;;;;;;;;;;;;;;;;;;;;;;;13680;83;276
Gouda (Schieland en de Krimpenerwaard);137;122;38;64;32;33;;;;;;;;;;;;;;;;;;;;;;;;;;;68;;;;;;;;;;50;;;;;;;;;;;;;;;;;739;4;9
Gouda (Rijnland);4421;4133;3768;4542;2388;2797;3838;;;;;4562;;;;;;;;;;;;;;;;;;;;;;;;;;;;;;;;;;;;;;381;;;;;;;;;;25642;206;489
Grave;1876;729;1097;571;422;335;;;;;;;;;;;;;;;;;;;;;;;;;;;;;;145;;;;;;;;;;;;;;;;;;;;;;;;4778;17;117
Groningen (Hunze en Aa's);13114;4920;2601;6770;1298;2936;;2392;;;;;;;;;;;;;;;;;;;;;;;;;;;;;;;;;;;;;;;;;;;;;;;;;;;;27936;120;831
Groningen (Noorderzijlvest);24585;4999;3879;13335;3100;2748;;5580;;;;;;;;;;;;;;;;;;;;;;;;;;;;;;;;;;;;;;;5176;;;;;;;;;;;;;68284;264;1574
Gulpen-Wittem;679;329;;;167;144;;;;;;;;;133;;37;31;;;;;4634;;;;187;23;29;;;;;57;11;;;5;;;;;;;;;;;;;;;;;;;;;;5546;43;211
Haaksbergen (Vechtstromen);3109;1449;2936;;593;807;;188;87;;;;;;;;;;;;;;;;;;;;;;;;;;;;;;;;;371;;;;;;;;;;;;;;46;;;;8058;41;163
Haaksbergen (Rijn en IJssel);170;233;343;87;97;23;;;;;;;;;;;;;;;;;;72;;;;;;;;;;;;;;;;;;;;;;;;34;;;;;;;;;;;;678;1;19
Haaren;1948;909;1384;465;348;434;;55;;;;;;;;;;;;;;;;;;;;;;;;;;;;94;;;216;;;;;;;;;;;;;;;;;;;;;5671;21;156
Haarlem;9868;10472;4918;15191;4123;5262;11607;;;;;2493;;;;;;;;;;;;;;;;;;;;;;;;;;;;;;;;;;;;;;1607;;;;;;;;;;62146;331;1196
Haarlemmermeer (Rijnland);7125;14048;7500;8058;5785;4244;6057;;;;;3479;;;;;;;;;;;;;;;;;;;;;;;;;;;;;;;;;;;;;;1144;;;;;;;;;;62902;252;916
Haarlemmermeer (Amstel, Gooi en Vecht);1;5;4;1;1;;0;0;;;;;;;;;;;0;;;;;;;;;;;;;;;;;;;;;;;;;;4;;;;;;0;;;0;;;;0;;11;0;2
Halderberge;834;1843;1914;672;986;330;816;123;;;;;;1333;;;;;;;2384;;;;;;;;;;;;;;;;;;;;;;;;;;;;;;;;;;;;;;;13353;46;210
Hardenberg (Drents Overijsselse Delta);307;356;272;;115;145;;177;134;;;;;;;;;;;;;158;;;;;;;;;;;;;;;;;;;;;;;;;;;;;;;;;;;;;;1361;2;25
Hardenberg (Vechtstromen);4644;2796;5665;;2152;3112;;5013;800;;;;;;;;;;;;;;;;;;;;;;;;;;;;;;;;;746;;;;;;;;;;;;;;126;;;;18704;78;389
Harderwijk;1806;3119;2612;2057;1283;1079;;3501;934;;;;;;;3526;;;;;;;;;;;;;;;;;;;;;;;;;;;;;;;;;;;;;133;;;;;;;16739;63;345
Hardinxveld-Giessendam;622;785;1195;673;413;;310;1897;2315;;;;;;;;;;;;;;;;311;;;;;;;;;;;;;;;;;;;;;;;;;;;;;;;;;;;5259;22;66
Harlingen;847;630;1573;1276;506;;579;340;;;;;;;;;;;;497;;;;;;605;;;;;;;;;;;;;;;;;;;;;;;;;;;;;;;;;;5744;35;99
Hattem;497;875;864;852;282;449;;1517;194;;;;;;;410;;;;;;;;;;;;;;;;;;;;;;;;;;;;;;;;;;;;;14;;;;;;;3495;29;89
Heemskerk;1585;1586;2035;2589;1521;1054;;533;;4547;;;;;;;;;;;;;;;;;;;;;;;;;;;625;;;;;;;;;;;;;;;;;;;;;;;15464;76;332
Heemstede;2119;3956;1768;1691;682;1254;1557;;;;;444;;;;;;;;;;;;;;;;;;;;;;;;;;;;;;;;;;;;;;120;;;;;;;;;;7678;47;137
Heerde;738;907;1306;1284;511;379;;2071;506;;;;;;;763;;;;;;;;;;;;;;;;;;;;;;;;;;;;;;;;;;;;;54;;;;;;;6149;31;100
Heerenveen;3946;2668;3198;4020;1024;;1663;1332;;;;;;;;;;;;2784;;;;;;1828;;;;;;;;;;;;;;;;;;;;;;;;;;;;;;;;;;17432;83;260
Heerhugowaard;1905;2561;2078;2748;1926;1656;;777;;6552;;;;;;;;;;;;;;;;;;;;;;;;;;;951;;;;;;;;;;;;;;;;;;;;;;;22379;104;441
Heerlen;3033;2405;;;1580;902;;;;;;;;;15161;;1693;509;;;;;1319;;;;2709;228;130;;;;;269;65;;;62;;;;;;;;;;;;;;;;;;;;;;37530;269;983
Heeze-Leende (Aa en Maas);;;;;;;;;;;;;;;;;;;;;;;;;;;;;;;;;;;;;;;;;;;;;;;;;;;;;;;;;;;;0;0;0
Heeze-Leende (De Dommel);2356;1087;1340;633;462;214;;92;;;;;;;;;;;;;;;;;;;;;;;;;;;;119;;;654;;;;;;;;;;;;;;;;;;;;;5879;41;251
Heiloo;1419;1978;1466;1660;673;884;;338;;3116;;;;;;;;;;;;;;;;;;;;;;;;;;;417;;;;;;;;;;;;;;;;;;;;;;;6867;42;190
Hellendoorn (Vechtstromen);3357;1633;5730;;729;1900;;1308;277;;;;;;;;;;;;;;;;;;;;;;;;;;;;;;;;;374;;;;;;;;;;;;;;105;;;;10623;49;236
Hellendoorn (Drents Overijsselse Delta);131;171;526;;49;57;;29;24;;;;;;;;;;;;;148;;;;;;;;;;;;;;;;;;;;;;;;;;;;;;;;;;;;;;1028;7;16
Hellevoetsluis;945;2035;730;1589;1298;500;;686;144;;5942;;;;;;;;;;;;;;;;;;;;;2023;;;;;;;;;;;;;;;;;;;;;;;;;;;;16381;84;222
Helmond (Aa en Maas);7263;4993;4104;4117;4712;2437;;;;;;;;;;;;;;;;;;;;;;;;;;;;;;1367;;;;;;;;;;;;;;;;;;;;;;;;42530;180;1129
Helmond (De Dommel);2;1;1;0;2;3;;0;;;;;;;;;;;;;;;;;;;;;;;;;;;;0;;;1;;;;;;;;;;;;;;;;;;;;;12;0;0
Hendrik-Ido-Ambacht;723;1811;1128;876;793;408;;1261;2414;;3096;;;;;;;;;;;;;;;;;;;;;651;;;;;;;;;;;;;;;;;;;;;;;;;;;;10120;50;173
Hengelo;10798;4721;5077;;2220;5595;;1594;339;;;;;;;;;;;;;;;;;;;;;;;;;;;;;;;;;1780;;;;;;;;;;;;;;877;;;;31536;137;721
Het Hogeland;6247;1888;3981;3345;931;625;;3302;;;;;;;;;;;;;;;;;;;;;;;;;;;;;;;;;;;;;;;1909;;;;;;;;;;;;;15969;76;262
Heumen;1779;1169;1654;1054;600;;875;161;44;;;;;;;;;;;;;;;;362;;;;;;;;;;;;;;;;;;;;;;;;;;;;;;;;;;;5501;41;159
Heusden (De Dommel);8;12;19;0;9;2;;0;;;;;;;;;;;;;;;;;;;;;;;;;;;;0;;;2;;;;;;;;;;;;;;;;;;;;;35;0;0
Heusden (Aa en Maas);4276;3217;2583;1618;1694;3072;;;;;;;;;;;;;;;;;;;;;;;;;;;;;;632;;;;;;;;;;;;;;;;;;;;;;;;17965;75;490
Hillegom;1082;1929;1423;1095;891;1307;967;;;;;482;;;;;;;;;;;;;;;;;;;;;;;;;;;;;;;;;;;;;;129;;;;;;;;;;8252;53;143
Hilvarenbeek;2205;1123;1661;663;445;169;;81;;;;;;;;;;;;;;;;;;;;;;;;;;;;106;;;344;;;;;;;;;;;;;;;;;;;;;5419;30;208
Hilversum;6438;7018;3477;5381;3398;;4874;2198;;;;;;;;;;;2218;;;;;;;;;;;;;;;;;;;;;;;;;;1240;;;;;;492;;;165;;;;121;;33792;229;762
Hoeksche Waard;2806;4481;5364;2657;2035;1381;;2280;4394;;11237;;;;;;;;;;;;;;;;;;;;;2213;;;;;;;;;;;;;;;;;;;;;;;;;;;;30463;141;460
Hof van Twente (Vechtstromen);3662;2700;3784;;935;1736;;351;168;;;;;;;;;;;;;;;;;;;;;;;;;;;;;;;;;457;;;;;;;;;;;;;;73;;;;9764;73;241
Hof van Twente (Rijn en IJssel);261;1212;426;287;124;175;;;;;;;;;;;;;;;;;;88;;;;;;;;;;;;;;;;;;;;;;;;101;;;;;;;;;;;;1794;16;33
Hollands Kroon;1505;3681;2382;2636;1815;1585;;797;;4110;;;;;;;;;;;;;;;;;;;;;;;;;;;1376;;;;;;;;;;;;;;;;;;;;;;;16469;57;317
Hoogeveen (Vechtstromen);319;126;282;;171;394;;132;110;;;;;;;;;;;;;;;;;;;;;;;;;;;;;;;;;97;;;;;;;;;;;;;;12;;;;2000;5;12
Hoogeveen (Drents Overijsselse Delta);2799;3136;3848;;1766;2844;;2333;836;;;;;;;;;;;;;3274;;;;;;;;;;;;;;;;;;;;;;;;;;;;;;;;;;;;;;19096;113;377
Hoorn;3896;3317;2298;4333;3050;2061;;960;;7051;;;;;;;;;;;;;;;;;;;;;;;;;;;1142;;;;;;;;;;;;;;;;;;;;;;;29441;132;651
Horst aan de Maas;2047;2233;;;682;306;;;;;;;;;16;;60;348;;;;;64;;;;629;847;100;;;;;30;813;;;8584;;;;;;;;;;;;;;;;;;;;;;17152;84;677
Houten;5856;3194;3023;1950;1138;;1925;2136;931;;;;;;;;;;;;;;;;;;;;;;1482;;;;;;;;;;1389;;;;;;;;;;;;;;;;;;;14602;78;334
Huizen;2337;4003;3046;2281;1480;;1754;2118;;;;;;;;;;;721;;;;;;;;;;;;;;;;;;;;;;;;;;750;;;;;;134;;;36;;;;69;;14244;70;288
Hulst;567;513;3018;938;931;;;100;88;;;;;;;;;;;;;;;;;;;;;714;;;;;;;;;;;;;;3572;;;;;362;;;;;;;;;;;12042;70;95
IJsselstein;3166;2509;2004;1336;1043;;1200;689;311;;;;;;;;;;;;;;;;;;;;;;772;;;;;;;;;;881;;;;;;;;;;;;;;;;;;;12419;69;268
Kaag en Braassem (Amstel, Gooi en Vecht);;;;;;;;;;;;;;;;;;;;;;;;;;;;;;;;;;;;;;;;;;;;;;;;;;;;;;;;;;;;0;0;0
Kaag en Braassem (Rijnland);1793;2760;2713;1194;1174;803;941;;;;;449;;;;;;;;;;;;;;;;;;;;;;;;;;;;;;;;;;;;;;150;;;;;;;;;;9588;35;168
Kampen;3804;2803;3625;;2132;1431;;5095;4041;;;;;;;;;;;;;1804;;;;;;;;;;;;;;;;;;;;;;;;;;;;;;;;;;;;;;15963;73;384
Kapelle;471;725;999;504;348;;;612;1026;;;;;;;;;;;;;;;;;;;;;967;;;;;;;;;;;;;;77;;;;;619;;;;;;;;;;;3514;22;57
Katwijk;2082;3901;5273;2464;2315;1392;1839;;;;;8841;;;;;;;;;;;;;;;;;;;;;;;;;;;;;;;;;;;;;;384;;;;;;;;;;21502;81;416
Kerkrade;1335;884;;;695;340;;;;;;;;;9269;;652;244;;;;;765;;;;1136;141;64;;;;;146;32;;;21;;;;;;;;;;;;;;;;;;;;;;22494;109;550
Koggenland;1186;1494;1751;917;679;650;;216;;2458;;;;;;;;;;;;;;;;;;;;;;;;;;;980;;;;;;;;;;;;;;;;;;;;;;;7521;53;183
Krimpen aan den IJssel;2408;2122;1075;1362;1166;559;;;;;;;;;;;;;;;;;;;;;;;;;;;3782;;;;;;;;;;1433;;;;;;;;;;;;;;;;;9040;54;176
Krimpenerwaard (Schieland en de Krimpenerwaard);3553;3678;2018;2222;1521;833;;;;;;;;;;;;;;;;;;;;;;;;;;;4083;;;;;;;;;;6279;;;;;;;;;;;;;;;;;14646;77;266
Krimpenerwaard (Rijnland);109;95;135;62;42;45;47;;;;;32;;;;;;;;;;;;;;;;;;;;;;;;;;;;;;;;;;;;;;6;;;;;;;;;;437;4;9
Krimpenerwaard (De Stichtse Rijnlanden);331;408;277;90;75;;105;183;108;;;;;;;;;;;;;;;;;;;;;;107;;;;;;;;;;106;;;;;;;;;;;;;;;;;;;1329;5;20
Laarbeek (Aa en Maas);2125;995;2129;715;663;1195;;;;;;;;;;;;;;;;;;;;;;;;;;;;;;901;;;;;;;;;;;;;;;;;;;;;;;;9052;61;298
Laarbeek (De Dommel);24;30;24;11;11;14;;3;;;;;;;;;;;;;;;;;;;;;;;;;;;;1;;;3;;;;;;;;;;;;;;;;;;;;;122;0;5
Landerd;1968;1244;1674;547;549;358;;;;;;;;;;;;;;;;;;;;;;;;;;;;;;198;;;;;;;;;;;;;;;;;;;;;;;;5711;30;228
Landgraaf;906;905;;;585;301;;;;;;;;;8091;;486;231;;;;;433;;;;2157;87;34;;;;;105;27;;;11;;;;;;;;;;;;;;;;;;;;;;16690;96;466
Landsmeer;653;835;321;769;402;441;;101;;1446;;;;;;;;;;;;;;;;;;;;;;;;;;;549;;;;;;;;;;;;;;;;;;;;;;;3479;24;103
Langedijk;1390;1465;1433;1358;955;917;;698;;3137;;;;;;;;;;;;;;;;;;;;;;;;;;;1221;;;;;;;;;;;;;;;;;;;;;;;9391;48;211
Lansingerland (Schieland en de Krimpenerwaard);2649;3051;1940;1077;1174;682;;;;;;;;;;;;;;;;;;;;;;;;;;;1322;;;;;;;;;;806;;;;;;;;;;;;;;;;;10089;54;242
Lansingerland (Delfland);1868;2959;2016;1267;753;1316;1044;;;;;1009;;;;;;;;;;;;;;;;;;;;;;;;;;;;;;;;;;304;;;;;;;;;25;;30;;46;9894;32;238
Laren;635;2290;743;410;293;;509;151;;;;;;;;;;;196;;;;;;;;;;;;;;;;;;;;;;;;;;197;;;;;;31;;;14;;;;14;;3453;32;60
Leeuwarden;9270;4870;5740;10091;3129;;5194;3350;;;;;;;;;;;;5286;;;;;;5276;;;;;;;;;;;;;;;;;;;;;;;;;;;;;;;;;;47190;162;772
Leiden;10643;8548;4551;11690;3230;3433;9610;;;;;2498;;;;;;;;;;;;;;;;;;;;;;;;;;;;;;;;;;;;;;537;;;;;;;;;;48529;297;1539
Leiderdorp;1754;2500;1507;2289;1340;764;1284;;;;;701;;;;;;;;;;;;;;;;;;;;;;;;;;;;;;;;;;;;;;152;;;;;;;;;;9225;44;222
Leidschendam-Voorburg (Rijnland);1839;2724;1724;1622;1228;942;1261;;;;;527;;;;;;;;;;;;;;;;;;;;;;;;;;;;;;;;;;;;;;199;;;;;;;;;;10999;47;251
Leidschendam-Voorburg (Delfland);2937;4847;1880;2662;1276;2932;2237;;;;;687;;;;;;;;;;;;;;;;;;;;;;;;;;;;;;;;;;759;;;;;;;;;57;;55;;126;16509;79;361
Lelystad;;3059;1953;;3299;2267;;;;;;2249;11492;;;;;;;;;;;;;;;;;;;;;;;;;;;2450;;;;;;;;;;;;1716;;;;;;;;31577;173;561
Leudal;1296;1109;;;391;313;;;;;;;;;49;;83;2164;;;;;44;;;;612;99;8133;;;;;20;40;;;98;;;;;;;;;;;;;;;;;;;;;;14721;97;454
Leusden;2447;2603;2127;1734;958;2342;;1361;476;;;;;;;743;;;;;;;;;;;;;;;;;;;;;;;;;;;;;;;;;;;;;86;;;;;;;8692;63;203
Lingewaard (Rijn en IJssel);;;;;;;;;;;;;;;;;;;;;;;;;;;;;;;;;;;;;;;;;;;;;;;;;;;;;;;;;;;;4;0;0
Lingewaard (Rivierenland);3472;3589;4089;3045;1920;;1760;403;143;;;;;;;;;;;;;;;;1005;;;;;;;;;;;;;;;;;;;;;;;;;;;;;;;;;;;17240;52;380
Lisse;1003;2258;2133;977;1050;741;902;;;;;1232;;;;;;;;;;;;;;;;;;;;;;;;;;;;;;;;;;;;;;157;;;;;;;;;;7799;31;124
Lochem;2749;2878;2282;2007;517;926;;;;;;;;;;;;;;;;;;5040;;;;;;;;;;;;;;;;;;;;;;;;353;;;;;;;;;;;;10563;45;200
Loon op Zand (Brabantse Delta);801;1702;1561;638;763;188;656;172;;;;;;1356;;;;;;;734;;;;;;;;;;;;;;;;;;;;;;;;;;;;;;;;;;;;;;;9983;76;260
Loon op Zand (De Dommel);18;16;32;2;3;0;;1;;;;;;;;;;;;;;;;;;;;;;;;;;;;1;;;8;;;;;;;;;;;;;;;;;;;;;67;0;2
Lopik;699;1135;1530;307;279;;350;597;1074;;;;;;;;;;;;;;;;;;;;;;227;;;;;;;;;;507;;;;;;;;;;;;;;;;;;;4541;30;91
Loppersum;1251;451;906;623;151;195;;639;;;;;;;;;;;;;;;;;;;;;;;;;;;;;;;;;;;;;;;535;;;;;;;;;;;;;2994;14;50
Losser;1884;1449;2840;;947;1425;;225;92;;;;;;;;;;;;;;;;;;;;;;;;;;;;;;;;;396;;;;;;;;;;;;;;89;;;;8738;37;224
Maasdriel;1401;1386;3685;621;782;;670;172;268;;;;;;;;;;;;;;;;1343;;;;;;;;;;;;;;;;;;;;;;;;;;;;;;;;;;;9291;48;120
Maasgouw;805;711;;;795;267;;;;;;;;;41;;79;4945;;;;;75;;;;1095;64;320;;;;;54;37;;;21;;;;;;;;;;;;;;;;;;;;;;10513;68;299
Maassluis;1176;2272;2063;1693;1068;2318;1113;;;;;943;;;;;;;;;;;;;;;;;;;;;;;;;;;;;;;;;;349;;;;;;;;;73;;84;;35;13081;65;253
Maastricht;7339;4577;;;2656;1231;;;;;;;;;191;;532;600;;;;;2555;;;;1907;329;225;;;;;19704;125;;;86;;;;;;;;;;;;;;;;;;;;;;58981;477;1610
Medemblik;1961;2509;2787;2073;1416;1073;;878;;4110;;;;;;;;;;;;;;;;;;;;;;;;;;;1709;;;;;;;;;;;;;;;;;;;;;;;16898;87;333
Meerssen;821;773;;;1134;247;;;;;;;;;79;;270;109;;;;;3372;;;;462;50;37;;;;;789;18;;;8;;;;;;;;;;;;;;;;;;;;;;7357;61;241
Meierijstad (De Dommel);2180;2515;1185;733;562;206;;59;;;;;;;;;;;;;;;;;;;;;;;;;;;;158;;;558;;;;;;;;;;;;;;;;;;;;;8071;55;223
Meierijstad (Aa en Maas);5876;3484;5433;2524;1973;1236;;;;;;;;;;;;;;;;;;;;;;;;;;;;;;1115;;;;;;;;;;;;;;;;;;;;;;;;26424;109;571
Meppel;3137;2883;1580;;1178;2480;;1468;247;;;;;;;;;;;;;2026;;;;;;;;;;;;;;;;;;;;;;;;;;;;;;;;;;;;;;11341;61;249
Middelburg;3182;1976;2566;3147;1634;;;1790;2325;;;;;;;;;;;;;;;;;;;;;2640;;;;;;;;;;;;;;279;;;;;1475;;;;;;;;;;;17589;120;360
Midden-Delfland;1182;1985;2420;835;374;1191;572;;;;;527;;;;;;;;;;;;;;;;;;;;;;;;;;;;;;;;;;198;;;;;;;;;10;;19;;16;5725;21;158
Midden-Drenthe (Vechtstromen);0;2;0;;0;0;;0;0;;;;;;;;;;;;;;;;;;;;;;;;;;;;;;;;;0;;;;;;;;;;;;;;0;;;;4;0;0
Midden-Drenthe (Noorderzijlvest);112;65;100;50;29;17;;49;;;;;;;;;;;;;;;;;;;;;;;;;;;;;;;;;;;;;;;40;;;;;;;;;;;;;368;5;3
Midden-Drenthe (Hunze en Aa's);132;136;64;82;25;40;;90;;;;;;;;;;;;;;;;;;;;;;;;;;;;;;;;;;;;;;;;;;;;;;;;;;;;342;3;14
Midden-Drenthe (Drents Overijsselse Delta);2645;2721;2376;;1762;1472;;1053;237;;;;;;;;;;;;;1939;;;;;;;;;;;;;;;;;;;;;;;;;;;;;;;;;;;;;;10687;79;275
Midden-Groningen;7141;2738;1746;4409;2661;2350;;2199;;;;;;;;;;;;;;;;;;;;;;;;;;;;;;;;;;;;;;;;;;;;;;;;;;;;25929;101;424
Mill en Sint Hubert;1227;531;1798;315;391;214;;;;;;;;;;;;;;;;;;;;;;;;;;;;;;132;;;;;;;;;;;;;;;;;;;;;;;;4229;16;99
Moerdijk;996;2426;1677;1452;1120;548;1119;525;;;;;;2132;;;;;;;2297;;;;;;;;;;;;;;;;;;;;;;;;;;;;;;;;;;;;;;;15507;63;225
Molenlanden;1780;3276;3806;1564;972;;975;4003;4452;;;;;;;;;;;;;;;;821;;;;;;;;;;;;;;;;;;;;;;;;;;;;;;;;;;;11896;58;170
Montferland;3305;1731;3995;1934;1074;982;;;;;;;;;;;;;;;;;;377;;;;;;;;;;;;;;;;;;;;;;;;1308;;;;;;;;;;;;14749;53;276
Montfoort;1171;1076;1140;367;272;;320;559;584;;;;;;;;;;;;;;;;;;;;;;311;;;;;;;;;;1042;;;;;;;;;;;;;;;;;;;3912;33;90
Mook en Middelaar;659;523;;;140;172;;;;;;;;;4;;24;159;;;;;20;;;;268;90;19;;;;;7;1699;;;4;;;;;;;;;;;;;;;;;;;;;;2574;18;140
Neder-Betuwe;771;858;1351;1088;591;;444;801;4696;;;;;;;;;;;;;;;;420;;;;;;;;;;;;;;;;;;;;;;;;;;;;;;;;;;;6913;39;103
Nederweert;478;496;;;190;110;;;;;;;;;15;;20;476;;;;;24;;;;341;41;5078;;;;;18;11;;;22;;;;;;;;;;;;;;;;;;;;;;6487;40;251
Nieuwegein;5432;3147;2486;2997;2656;;2611;1363;373;;;;;;;;;;;;;;;;;;;;;;1533;;;;;;;;;;2058;;;;;;;;;;;;;;;;;;;26072;128;466
Nieuwkoop (De Stichtse Rijnlanden);21;36;43;3;6;;19;12;20;;;;;;;;;;;;;;;;;;;;;;8;;;;;;;;;;9;;;;;;;;;;;;;;;;;;;110;2;0
Nieuwkoop (Amstel, Gooi en Vecht);155;311;411;76;80;;73;110;;;;;;;;;;;17;;;;;;;;;;;;;;;;;;;;;;;;;;72;;;;;;6;;;5;;;;8;;1297;9;18
Nieuwkoop (Rijnland);1318;2392;2704;1021;944;635;673;;;;;834;;;;;;;;;;;;;;;;;;;;;;;;;;;;;;;;;;;;;;130;;;;;;;;;;11411;38;126
Nijkerk;1892;3286;3426;1371;1116;1074;;3054;1873;;;;;;;1854;;;;;;;;;;;;;;;;;;;;;;;;;;;;;;;;;;;;;82;;;;;;;14048;64;220
Nijmegen;18276;8077;7379;14709;5468;;15128;1961;427;;;;;;;;;;;;;;;;3542;;;;;;;;;;;;;;;;;;;;;;;;;;;;;;;;;;;69609;276;2493
Nissewaard;2368;3131;2044;3157;3407;1609;;1271;383;;10399;;;;;;;;;;;;;;;;;;;;;2986;;;;;;;;;;;;;;;;;;;;;;;;;;;;37485;154;572
Noardeast-Fryslân (Noorderzijlvest);3;2;5;5;0;0;;0;;;;;;;;;;;;;;;;;;;;;;;;;;;;;;;;;;;;;;;1;;;;;;;;;;;;;11;0;0
Noardeast-Fryslân (Fryslân);2230;1651;4991;1770;646;;889;2070;;;;;;;;;;;;2955;;;;;;1735;;;;;;;;;;;;;;;;;;;;;;;;;;;;;;;;;;16436;65;195
Noord-Beveland;540;445;630;350;264;;;120;261;;;;;;;;;;;;;;;;;;;;;686;;;;;;;;;;;;;;57;;;;;259;;;;;;;;;;;2539;11;46
Noordenveld (Drents Overijsselse Delta);2;11;2;;1;1;;4;0;;;;;;;;;;;;;2;;;;;;;;;;;;;;;;;;;;;;;;;;;;;;;;;;;;;;46;0;0
Noordenveld (Noorderzijlvest);4700;1888;1576;2553;823;459;;1009;;;;;;;;;;;;;;;;;;;;;;;;;;;;;;;;;;;;;;;1878;;;;;;;;;;;;;10311;37;230
Noordoostpolder;;2306;3094;;1077;910;;;;;;4166;3816;;;;;;;;;;;;;;;;;;;;;;;;;;;4263;;;;;;;;;;;;407;;;;;;;;15453;72;344
Noordwijk;2258;5565;3282;2214;1620;1196;1589;;;;;614;;;;;;;;;;;;;;;;;;;;;;;;;;;;;;;;;;;;;;262;;;;;;;;;;16131;66;303
Nuenen, Gerwen en Nederwetten (Aa en Maas);2;5;3;0;2;2;;;;;;;;;;;;;;;;;;;;;;;;;;;;;;0;;;;;;;;;;;;;;;;;;;;;;;;6;0;0
Nuenen, Gerwen en Nederwetten (De Dommel);3366;1619;1396;1548;884;844;;201;;;;;;;;;;;;;;;;;;;;;;;;;;;;232;;;421;;;;;;;;;;;;;;;;;;;;;7915;68;354
Nunspeet;790;1287;1944;614;633;456;;2630;4350;;;;;;;1029;;;;;;;;;;;;;;;;;;;;;;;;;;;;;;;;;;;;;67;;;;;;;7401;39;145
Oegstgeest;2405;2924;1504;1753;628;668;1466;;;;;571;;;;;;;;;;;;;;;;;;;;;;;;;;;;;;;;;;;;;;72;;;;;;;;;;6838;45;193
Oirschot;1918;1234;2473;691;568;209;;68;;;;;;;;;;;;;;;;;;;;;;;;;;;;146;;;428;;;;;;;;;;;;;;;;;;;;;7216;50;193
Oisterwijk;3989;2204;1657;981;791;400;;123;;;;;;;;;;;;;;;;;;;;;;;;;;;;214;;;327;;;;;;;;;;;;;;;;;;;;;10096;44;314
Oldambt;5220;1961;1462;2513;1904;1301;;1057;;;;;;;;;;;;;;;;;;;;;;;;;;;;;;;;;;;;;;;;;;;;;;;;;;;;15749;77;322
Oldebroek;512;743;1279;693;572;303;;3094;2041;;;;;;;1084;;;;;;;;;;;;;;;;;;;;;;;;;;;;;;;;;;;;;43;;;;;;;7911;50;69
Oldenzaal;3274;2236;3677;;1335;1990;;310;70;;;;;;;;;;;;;;;;;;;;;;;;;;;;;;;;;562;;;;;;;;;;;;;;109;;;;11525;46;297
Olst-Wijhe (Vallei en Veluwe);58;81;62;48;18;29;;19;20;;;;;;;39;;;;;;;;;;;;;;;;;;;;;;;;;;;;;;;;;;;;;2;;;;;;;183;2;4
Olst-Wijhe (Drents Overijsselse Delta);2030;1310;1617;;518;556;;289;133;;;;;;;;;;;;;1261;;;;;;;;;;;;;;;;;;;;;;;;;;;;;;;;;;;;;;6157;29;151
Ommen (Drents Overijsselse Delta);211;194;408;;58;68;;108;101;;;;;;;;;;;;;68;;;;;;;;;;;;;;;;;;;;;;;;;;;;;;;;;;;;;;942;2;16
Ommen (Vechtstromen);1451;1432;1683;;314;592;;1445;178;;;;;;;;;;;;;;;;;;;;;;;;;;;;;;;;;184;;;;;;;;;;;;;;36;;;;4439;22;112
Oost Gelre;1870;2008;4760;1205;797;361;;;;;;;;;;;;;;;;;;1547;;;;;;;;;;;;;;;;;;;;;;;;455;;;;;;;;;;;;10757;40;173
Oosterhout;1803;3727;2141;1978;2208;526;1834;293;;;;;;2742;;;;;;;3340;;;;;;;;;;;;;;;;;;;;;;;;;;;;;;;;;;;;;;;24106;122;428
Ooststellingwerf;2442;1093;2109;1700;699;;1021;744;;;;;;;;;;;;661;;;;;;1199;;;;;;;;;;;;;;;;;;;;;;;;;;;;;;;;;;8988;37;161
Oostzaan;354;662;380;707;361;286;;128;;1505;;;;;;;;;;;;;;;;;;;;;;;;;;;117;;;;;;;;;;;;;;;;;;;;;;;3250;25;66
Opmeer;427;604;769;486;337;421;;95;;1124;;;;;;;;;;;;;;;;;;;;;;;;;;;881;;;;;;;;;;;;;;;;;;;;;;;4262;15;67
Opsterland;2523;1280;2136;1992;515;;814;1565;;;;;;;;;;;;1616;;;;;;1193;;;;;;;;;;;;;;;;;;;;;;;;;;;;;;;;;;9907;35;155
Oss;9904;6532;5783;4446;4736;2395;;;;;;;;;;;;;;;;;;;;;;;;;;;;;;1346;;;;;;;;;;;;;;;;;;;;;;;;37759;139;1105
Oude IJsselstreek;2258;2082;3594;2931;1022;2539;;;;;;;;;;;;;;;;;;790;;;;;;;;;;;;;;;;;;;;;;;;981;;;;;;;;;;;;15592;60;343
Ouder-Amstel;1025;1267;990;952;432;;761;283;;;;;;;;;;;380;;;;;;;;;;;;;;;;;;;;;;;;;;196;;;;;;39;;;41;;;;26;;4472;26;126
Oudewater;630;1052;1185;231;220;;269;341;289;;;;;;;;;;;;;;;;;;;;;;164;;;;;;;;;;330;;;;;;;;;;;;;;;;;;;3297;32;53
Overbetuwe;3472;2983;4394;2201;1427;;1699;1050;717;;;;;;;;;;;;;;;;1722;;;;;;;;;;;;;;;;;;;;;;;;;;;;;;;;;;;17245;84;270
Papendrecht;1588;1830;2534;1389;1105;;940;1603;792;;;;;;;;;;;;;;;;1346;;;;;;;;;;;;;;;;;;;;;;;;;;;;;;;;;;;12633;55;191
Peel en Maas;1797;2066;;;414;362;;;;;;;;;30;;57;787;;;;;30;;;;783;1164;344;;;;;22;91;;;8327;;;;;;;;;;;;;;;;;;;;;;18530;104;714
Pekela;1624;336;408;874;561;521;;303;;;;;;;;;;;;;;;;;;;;;;;;;;;;;;;;;;;;;;;;;;;;;;;;;;;;5265;26;99
Pijnacker-Nootdorp;2985;4854;3394;2613;1388;3275;2072;;;;;1280;;;;;;;;;;;;;;;;;;;;;;;;;;;;;;;;;;888;;;;;;;;;80;;57;;79;17550;100;423
Purmerend;3229;3604;2108;4509;4103;2447;;807;;9430;;;;;;;;;;;;;;;;;;;;;;;;;;;631;;;;;;;;;;;;;;;;;;;;;;;33782;203;679
Putten;753;1565;1711;434;673;801;;2725;1890;;;;;;;849;;;;;;;;;;;;;;;;;;;;;;;;;;;;;;;;;;;;;61;;;;;;;7399;30;149
Raalte;2652;2612;5815;;1005;1148;;531;165;;;;;;;;;;;;;2865;;;;;;;;;;;;;;;;;;;;;;;;;;;;;;;;;;;;;;13018;51;328
Reimerswaal;391;628;1219;754;429;;;685;4122;;;;;;;;;;;;;;;;;;;;;1752;;;;;;;;;;;;;;97;;;;;424;;;;;;;;;;;6473;23;81
Renkum;3666;2735;1672;2175;1216;1449;;798;228;;;;;;;1264;;;;;;;;;;;;;;;;;;;;;;;;;;;;;;;;;;;;;107;;;;;;;10098;60;301
Renswoude;79;310;366;53;88;90;;545;719;;;;;;;241;;;;;;;;;;;;;;;;;;;;;;;;;;;;;;;;;;;;;6;;;;;;;1406;3;14
Reusel-De Mierden;955;622;1461;520;408;254;;38;;;;;;;;;;;;;;;;;;;;;;;;;;;;74;;;397;;;;;;;;;;;;;;;;;;;;;5619;27;108
Rheden (Vallei en Veluwe);128;170;86;149;101;71;;37;13;;;;;;;122;;;;;;;;;;;;;;;;;;;;;;;;;;;;;;;;;;;;;13;;;;;;;685;5;16
Rheden (Rijn en IJssel);4832;2949;2999;4084;1644;932;;;;;;;;;;;;;;;;;;540;;;;;;;;;;;;;;;;;;;;;;;;427;;;;;;;;;;;;15589;84;399
Rhenen (De Stichtse Rijnlanden);1661;946;721;560;433;;446;699;1138;;;;;;;;;;;;;;;;;;;;;;392;;;;;;;;;;304;;;;;;;;;;;;;;;;;;;5224;27;80
Rhenen (Vallei en Veluwe);121;276;223;72;65;62;;163;893;;;;;;;77;;;;;;;;;;;;;;;;;;;;;;;;;;;;;;;;;;;;;6;;;;;;;1072;8;14
Ridderkerk;970;1694;1309;1728;1577;868;;1710;2614;;5641;;;;;;;;;;;;;;;;;;;;;1270;;;;;;;;;;;;;;;;;;;;;;;;;;;;18032;85;312
Rijssen-Holten (Rijn en IJssel);581;897;1031;509;192;255;;;;;;;;;;;;;;;;;;195;;;;;;;;;;;;;;;;;;;;;;;;68;;;;;;;;;;;;2309;18;69
Rijssen-Holten (Vechtstromen);1154;845;3240;;381;641;;2247;5689;;;;;;;;;;;;;;;;;;;;;;;;;;;;;;;;;199;;;;;;;;;;;;;;45;;;;6709;49;126
Rijssen-Holten (Drents Overijsselse Delta);81;169;318;;15;19;;12;8;;;;;;;;;;;;;106;;;;;;;;;;;;;;;;;;;;;;;;;;;;;;;;;;;;;;274;2;9
Rijswijk;2677;3708;1711;2875;2180;3372;2476;;;;;717;;;;;;;;;;;;;;;;;;;;;;;;;;;;;;;;;;935;;;;;;;;;103;;74;;75;21670;106;434
Roerdalen;1494;781;;;295;207;;;;;;;;;37;;50;4642;;;;;32;;;;575;60;65;;;;;27;18;;;15;;;;;;;;;;;;;;;;;;;;;;8798;66;208
Roermond;3767;1484;;;859;787;;;;;;;;;66;;151;10533;;;;;89;;;;1552;447;277;;;;;101;55;;;136;;;;;;;;;;;;;;;;;;;;;;26550;149;761
Roosendaal;2126;4226;3462;2378;2543;838;2243;457;;;;;;4910;;;;;;;3604;;;;;;;;;;;;;;;;;;;;;;;;;;;;;;;;;;;;;;;35509;157;472
Rotterdam (Delfland);2157;2271;1043;3045;1040;1225;2027;;;;;653;;;;;;;;;;;;;;;;;;;;;;;;;;;;;;;;;;558;;;;;;;;;345;;77;;58;29742;189;543
Rotterdam (Schieland en de Krimpenerwaard);34762;23725;7204;22308;13449;7362;;;;;;;;;;;;;;;;;;;;;;;;;;;5158;;;;;;;;;;2979;;;;;;;;;;;;;;;;;152663;969;3373
Rotterdam (Hollandse Delta);5158;4480;3395;10255;7878;3598;;2755;1207;;18318;;;;;;;;;;;;;;;;;;;;;5457;;;;;;;;;;;;;;;;;;;;;;;;;;;;136349;801;1755
Rozendaal (Rijn en IJssel);240;353;139;109;40;42;;;;;;;;;;;;;;;;;;26;;;;;;;;;;;;;;;;;;;;;;;;8;;;;;;;;;;;;291;9;19
Rozendaal (Vallei en Veluwe);0;1;0;0;2;0;;0;0;;;;;;;0;;;;;;;;;;;;;;;;;;;;;;;;;;;;;;;;;;;;;0;;;;;;;1;0;0
Rucphen;666;1095;976;482;885;177;838;81;;;;;;898;;;;;;;1728;;;;;;;;;;;;;;;;;;;;;;;;;;;;;;;;;;;;;;;10981;41;184
Schagen;2581;3229;2893;3849;1454;1112;;429;;4193;;;;;;;;;;;;;;;;;;;;;;;;;;;1016;;;;;;;;;;;;;;;;;;;;;;;16596;53;327
Scherpenzeel;284;912;545;238;224;170;;686;1389;;;;;;;418;;;;;;;;;;;;;;;;;;;;;;;;;;;;;;;;;;;;;23;;;;;;;2632;9;42
Schiedam;3290;4519;2109;4094;3013;3472;3360;;;;;913;;;;;;;;;;;;;;;;;;;;;;;;;;;;;;;;;;804;;;;;;;;;310;;198;;71;36031;161;859
Schiermonnikoog;90;58;73;143;18;;42;35;;;;;;;;;;;;19;;;;;;43;;;;;;;;;;;;;;;;;;;;;;;;;;;;;;;;;;272;2;9
Schouwen-Duiveland;1246;1884;2034;1366;1208;;;916;2208;;;;;;;;;;;;;;;;;;;;;4671;;;;;;;;;;;;;;162;;;;;1005;;;;;;;;;;;10254;72;131
's-Gravenhage;20731;31970;12209;28888;12731;19447;26650;;;;;6075;;;;;;;;;;;;;;;;;;;;;;;;;;;;;;;;;;6821;;;;;;;;;2031;;825;;662;251781;1549;4597
's-Hertogenbosch (De Dommel);;;;;;;;;;;;;;;;;;;;;;;;;;;;;;;;;;;;;;;;;;;;;;;;;;;;;;;;;;;;0;0;0
's-Hertogenbosch (Aa en Maas);19416;10880;7226;9292;6833;4194;;;;;;;;;;;;;;;;;;;;;;;;;;;;;;2515;;;;;;;;;;;;;;;;;;;;;;;;63241;265;2140
Simpelveld;229;217;;;112;90;;;;;;;;;2264;;61;33;;;;;1057;;;;176;28;8;;;;;27;5;;;3;;;;;;;;;;;;;;;;;;;;;;4360;25;99
Sint Anthonis;1199;643;2503;301;340;246;;;;;;;;;;;;;;;;;;;;;;;;;;;;;;142;;;;;;;;;;;;;;;;;;;;;;;;3962;30;115
Sint-Michielsgestel (Aa en Maas);1440;826;811;630;289;166;;;;;;;;;;;;;;;;;;;;;;;;;;;;;;140;;;;;;;;;;;;;;;;;;;;;;;;3876;13;109
Sint-Michielsgestel (De Dommel);2866;1033;1113;839;523;248;;68;;;;;;;;;;;;;;;;;;;;;;;;;;;;131;;;502;;;;;;;;;;;;;;;;;;;;;7233;35;224
Sittard-Geleen;3581;3353;;;1938;1537;;;;;;;;;410;;19849;1878;;;;;539;;;;2066;237;178;;;;;311;84;;;49;;;;;;;;;;;;;;;;;;;;;;39151;299;1135
Sliedrecht;898;1113;1601;1010;624;;671;1483;2303;;;;;;;;;;;;;;;;905;;;;;;;;;;;;;;;;;;;;;;;;;;;;;;;;;;;8819;22;133
Sluis;495;1320;1673;659;498;;;162;151;;;;;;;;;;;;;;;;;;;;;1226;;;;;;;;;;;;;;3130;;;;;218;;;;;;;;;;;10047;51;83
Smallingerland;3860;1979;3659;3684;1105;;1574;3740;;;;;;;;;;;;2929;;;;;;2555;;;;;;;;;;;;;;;;;;;;;;;;;;;;;;;;;;18994;93;282
Soest;3260;4799;2430;2297;2028;2478;;1455;508;;;;;;;1496;;;;;;;;;;;;;;;;;;;;;;;;;;;;;;;;;;;;;230;;;;;;;15365;73;463
Someren (Aa en Maas);2378;819;2019;547;512;266;;;;;;;;;;;;;;;;;;;;;;;;;;;;;;159;;;;;;;;;;;;;;;;;;;;;;;;7554;17;212
Someren (De Dommel);87;88;188;24;30;22;;5;;;;;;;;;;;;;;;;;;;;;;;;;;;;13;;;162;;;;;;;;;;;;;;;;;;;;;616;1;12
Son en Breugel;2104;1180;1071;752;1282;257;;152;;;;;;;;;;;;;;;;;;;;;;;;;;;;127;;;285;;;;;;;;;;;;;;;;;;;;;6060;38;226
Stadskanaal;2547;800;2148;2158;1138;1705;;2229;;;;;;;;;;;;;;;;;;;;;;;;;;;;;;;;;;;;;;;;;;;;;;;;;;;;13157;47;180
Staphorst;782;658;706;;186;290;;1872;3766;;;;;;;;;;;;;549;;;;;;;;;;;;;;;;;;;;;;;;;;;;;;;;;;;;;;3507;18;45
Stede Broec;855;1016;1244;947;804;994;;249;;2198;;;;;;;;;;;;;;;;;;;;;;;;;;;382;;;;;;;;;;;;;;;;;;;;;;;8428;35;173
Steenbergen;435;1469;1031;486;574;314;626;235;;;;;;2174;;;;;;;1409;;;;;;;;;;;;;;;;;;;;;;;;;;;;;;;;;;;;;;;12084;39;113
Steenwijkerland (Drents Overijsselse Delta);3884;3656;3116;;1390;1756;;1775;610;;;;;;;;;;;;;3427;;;;;;;;;;;;;;;;;;;;;;;;;;;;;;;;;;;;;;15152;68;283
Steenwijkerland (Zuiderzeeland);;23;21;;6;10;;;;;;16;23;;;;;;;;;;;;;;;;;;;;;;;;;;;24;;;;;;;;;;;;2;;;;;;;;63;1;2
Stein;767;985;;;715;325;;;;;;;;;92;;5943;236;;;;;242;;;;751;92;51;;;;;156;25;;;11;;;;;;;;;;;;;;;;;;;;;;10317;96;370
Stichtse Vecht (Amstel, Gooi en Vecht);3334;3899;3335;1869;1146;;1495;1139;;;;;;;;;;;588;;;;;;;;;;;;;;;;;;;;;;;;;;465;;;;;;135;;;46;;;;44;;11304;79;235
Stichtse Vecht (De Stichtse Rijnlanden);2424;1765;1313;1197;992;;1101;704;291;;;;;;;;;;;;;;;;;;;;;;579;;;;;;;;;;747;;;;;;;;;;;;;;;;;;;37726;33;197
Súdwest-Fryslân;6899;3959;8897;4573;1994;;2145;2370;;;;;;;;;;;;6647;;;;;;3656;;;;;;;;;;;;;;;;;;;;;;;;;;;;;;;;;;29613;147;454
Terneuzen;1110;1255;3073;1594;2140;;;1062;1222;;;;;;;;;;;;;;;;;;;;;1580;;;;;;;;;;;;;;6846;;;;;765;;;;;;;;;;;23608;101;280
Terschelling;352;404;450;617;107;;155;73;;;;;;;;;;;;90;;;;;;145;;;;;;;;;;;;;;;;;;;;;;;;;;;;;;;;;;1693;7;50
Texel;586;1941;280;635;161;145;;247;;2983;;;;;;;;;;;;;;;;;;;;;;;;;;;77;;;;;;;;;;;;;;;;;;;;;;;4118;16;84
Teylingen;2050;4752;3177;2015;1475;997;1490;;;;;704;;;;;;;;;;;;;;;;;;;;;;;;;;;;;;;;;;;;;;195;;;;;;;;;;12320;60;298
Tholen;428;954;1414;789;726;;;849;3341;;;;;;;;;;;;;;;;;;;;;2537;;;;;;;;;;;;;;164;;;;;588;;;;;;;;;;;8100;52;93
Tiel;2089;2329;2947;2273;1774;;1506;560;327;;;;;;;;;;;;;;;;839;;;;;;;;;;;;;;;;;;;;;;;;;;;;;;;;;;;18741;68;326
Tilburg (Brabantse Delta);1719;3317;1789;1905;1772;534;1885;261;;;;;;2887;;;;;;;956;;;;;;;;;;;;;;;;;;;;;;;;;;;;;;;;;;;;;;;24402;77;544
Tilburg (De Dommel);18378;6867;6175;9420;4689;2066;;768;;;;;;;;;;;;;;;;;;;;;;;;;;;;1340;;;2085;;;;;;;;;;;;;;;;;;;;;82100;363;2069
Tubbergen;2262;1007;4447;;305;1086;;106;114;;;;;;;;;;;;;;;;;;;;;;;;;;;;;;;;;185;;;;;;;;;;;;;;39;;;;7060;37;138
Twenterand;2493;1307;4528;;823;1438;;1987;1374;;;;;;;;;;;;;;;;;;;;;;;;;;;;;;;;;490;;;;;;;;;;;;;;79;;;;11394;55;220
Tynaarlo (Noorderzijlvest);2388;1130;592;1323;421;270;;408;;;;;;;;;;;;;;;;;;;;;;;;;;;;;;;;;;;;;;;1038;;;;;;;;;;;;;4685;23;116
Tynaarlo (Hunze en Aa's);3009;1254;850;1504;563;640;;759;;;;;;;;;;;;;;;;;;;;;;;;;;;;;;;;;;;;;;;;;;;;;;;;;;;;5576;36;120
Tytsjerksteradiel;2422;1188;3054;1655;543;;762;1330;;;;;;;;;;;;2808;;;;;;1420;;;;;;;;;;;;;;;;;;;;;;;;;;;;;;;;;;9836;68;155
Uden;7670;2458;2608;1203;1070;893;;;;;;;;;;;;;;;;;;;;;;;;;;;;;;466;;;;;;;;;;;;;;;;;;;;;;;;16984;116;375
Uitgeest;487;738;1233;700;377;321;;112;;2220;;;;;;;;;;;;;;;;;;;;;;;;;;;213;;;;;;;;;;;;;;;;;;;;;;;4175;19;127
Uithoorn;1626;3128;1403;1793;1001;;1251;434;;;;;;;;;;;615;;;;;;;;;;;;;;;;;;;;;;;;;;614;;;;;;139;;;48;;;;38;;10977;54;225
Urk;;78;2060;;117;94;;;;;;6695;172;;;;;;;;;;;;;;;;;;;;;;;;;;;148;;;;;;;;;;;;40;;;;;;;;4375;24;71
Utrecht (Amstel, Gooi en Vecht);29;27;15;6;5;;25;6;;;;;;;;;;;4;;;;;;;;;;;;;;;;;;;;;;;;;;1;;;;;;2;;;0;;;;0;;100;0;2
Utrecht (De Stichtse Rijnlanden);44378;17979;10170;18858;4790;;24015;7209;1281;;;;;;;;;;;;;;;;;;;;;;12097;;;;;;;;;;4990;;;;;;;;;;;;;;;;;;;130336;665;5022
Utrechtse Heuvelrug (De Stichtse Rijnlanden);5352;3241;2310;1504;1053;;2001;1375;1129;;;;;;;;;;;;;;;;;;;;;;1169;;;;;;;;;;1160;;;;;;;;;;;;;;;;;;;12909;67;318
Utrechtse Heuvelrug (Vallei en Veluwe);685;741;613;325;203;359;;298;561;;;;;;;223;;;;;;;;;;;;;;;;;;;;;;;;;;;;;;;;;;;;;21;;;;;;;2091;15;47
Vaals;297;153;;;114;68;;;;;;;;;55;;25;29;;;;;2140;;;;108;27;3;;;;;34;1;;;2;;;;;;;;;;;;;;;;;;;;;;5654;43;89
Valkenburg aan de Geul;569;551;;;243;157;;;;;;;;;137;;88;44;;;;;4848;;;;230;26;21;;;;;188;6;;;6;;;;;;;;;;;;;;;;;;;;;;6739;46;259
Valkenswaard;2894;1475;1716;1279;1010;287;;156;;;;;;;;;;;;;;;;;;;;;;;;;;;;565;;;2533;;;;;;;;;;;;;;;;;;;;;13410;47;413
Veendam;4014;1070;866;1949;1018;1103;;610;;;;;;;;;;;;;;;;;;;;;;;;;;;;;;;;;;;;;;;;;;;;;;;;;;;;11481;49;229
Veenendaal;2429;3731;3570;2169;2036;1849;;6015;4301;;;;;;;2018;;;;;;;;;;;;;;;;;;;;;;;;;;;;;;;;;;;;;206;;;;;;;21964;86;466
Veere;1223;1518;1988;1380;715;;;711;2122;;;;;;;;;;;;;;;;;;;;;1503;;;;;;;;;;;;;;140;;;;;562;;;;;;;;;;;5814;42;136
Veldhoven;4995;2841;2332;1872;2236;855;;356;;;;;;;;;;;;;;;;;;;;;;;;;;;;624;;;1378;;;;;;;;;;;;;;;;;;;;;18789;71;578
Velsen (Rijnland);3555;4829;2684;4206;2686;2191;3333;;;;;1481;;;;;;;;;;;;;;;;;;;;;;;;;;;;;;;;;;;;;;672;;;;;;;;;;24940;124;524
Velsen (Hollands Noorderkwartier);137;118;112;284;200;108;;55;;389;;;;;;;;;;;;;;;;;;;;;;;;;;;32;;;;;;;;;;;;;;;;;;;;;;;2688;10;41
Venlo;4740;3334;;;1527;751;;;;;;;;;53;;133;668;;;;;134;;;;2369;20543;130;;;;;96;303;;;263;;;;;;;;;;;;;;;;;;;;;;46973;299;1088
Venray;1350;1471;;;444;282;;;;;;;;;15;;66;299;;;;;48;;;;551;412;103;;;;;43;10855;;;162;;;;;;;;;;;;;;;;;;;;;;18739;86;463
Vijfheerenlanden;3096;2985;4744;2928;1528;;1721;2293;3208;;;;;;;;;;;;;;;;1695;;;;;;;;;;;;;;;;;;;;;;;;;;;;;;;;;;;19533;90;280
Vlaardingen;3457;4456;2394;3973;2485;3130;2979;;;;;1799;;;;;;;;;;;;;;;;;;;;;;;;;;;;;;;;;;859;;;;;;;;;197;;463;;68;29854;121;508
Vlieland;86;94;32;82;31;;39;6;;;;;;;;;;;;22;;;;;;39;;;;;;;;;;;;;;;;;;;;;;;;;;;;;;;;;;540;5;2
Vlissingen;1828;1531;1684;2258;2405;;;727;515;;;;;;;;;;;;;;;;;;;;;3155;;;;;;;;;;;;;;289;;;;;1847;;;;;;;;;;;17136;95;254
Voerendaal;557;559;;;164;138;;;;;;;;;2437;;131;42;;;;;883;;;;567;24;14;;;;;35;12;;;5;;;;;;;;;;;;;;;;;;;;;;4574;79;122
Voorschoten;2163;2819;1849;2091;821;773;1239;;;;;490;;;;;;;;;;;;;;;;;;;;;;;;;;;;;;;;;;;;;;114;;;;;;;;;;7428;84;190
Voorst;1267;1942;1909;1407;942;617;;491;391;;;;;;;2092;;;;;;;;;;;;;;;;;;;;;;;;;;;;;;;;;;;;;63;;;;;;;8384;25;161
Vught (Aa en Maas);2;1;18;0;0;2;;;;;;;;;;;;;;;;;;;;;;;;;;;;;;1;;;;;;;;;;;;;;;;;;;;;;;;11;0;0
Vught (De Dommel);4264;2402;1227;1543;650;304;;162;;;;;;;;;;;;;;;;;;;;;;;;;;;;188;;;383;;;;;;;;;;;;;;;;;;;;;9364;59;325
Waadhoeke;2913;1831;3898;2345;1097;;1127;1120;;;;;;;;;;;;4174;;;;;;1740;;;;;;;;;;;;;;;;;;;;;;;;;;;;;;;;;;16238;50;216
Waalre;3108;1297;874;713;503;214;;114;;;;;;;;;;;;;;;;;;;;;;;;;;;;259;;;574;;;;;;;;;;;;;;;;;;;;;5834;39;228
Waalwijk (Aa en Maas);0;6;15;0;1;6;;;;;;;;;;;;;;;;;;;;;;;;;;;;;;1;;;;;;;;;;;;;;;;;;;;;;;;12;1;1
Waalwijk (Brabantse Delta);1652;2876;2069;1165;1624;491;1371;1383;;;;;;2081;;;;;;;2183;;;;;;;;;;;;;;;;;;;;;;;;;;;;;;;;;;;;;;;21833;100;430
Waddinxveen (Rijnland);634;862;805;584;443;427;409;;;;;1656;;;;;;;;;;;;;;;;;;;;;;;;;;;;;;;;;;;;;;70;;;;;;;;;;4399;18;100
Waddinxveen (Schieland en de Krimpenerwaard);1204;1158;1008;624;629;409;;;;;;;;;;;;;;;;;;;;;;;;;;;1351;;;;;;;;;;473;;;;;;;;;;;;;;;;;4981;16;112
Wageningen (Rivierenland);0;0;0;0;0;;1;0;0;;;;;;;;;;;;;;;;0;;;;;;;;;;;;;;;;;;;;;;;;;;;;;;;;;;;8;0;0
Wageningen (Vallei en Veluwe);5295;1808;1291;2947;770;2851;;1272;314;;;;;;;1491;;;;;;;;;;;;;;;;;;;;;;;;;;;;;;;;;;;;;64;;;;;;;14073;65;442
Wassenaar (Delfland);12;34;10;3;5;10;14;;;;;1;;;;;;;;;;;;;;;;;;;;;;;;;;;;;;;;;;0;;;;;;;;;0;;0;;1;71;0;0
Wassenaar (Rijnland);1128;4351;1450;862;751;866;1132;;;;;360;;;;;;;;;;;;;;;;;;;;;;;;;;;;;;;;;;;;;;128;;;;;;;;;;9096;62;185
Waterland;1993;1027;1251;1045;548;543;;224;;2048;;;;;;;;;;;;;;;;;;;;;;;;;;;402;;;;;;;;;;;;;;;;;;;;;;;4668;47;146
Weert;1502;2100;;;552;385;;;;;;;;;32;;105;1472;;;;;92;;;;1765;207;10481;;;;;67;34;;;36;;;;;;;;;;;;;;;;;;;;;;21600;123;658
Weesp;1382;1319;1374;1410;682;;959;309;;;;;;;;;;;482;;;;;;;;;;;;;;;;;;;;;;;;;;294;;;;;;100;;;46;;;;19;;6989;43;166
West Betuwe;2998;3843;3793;2202;1833;;1641;1338;3329;;;;;;;;;;;;;;;;2352;;;;;;;;;;;;;;;;;;;;;;;;;;;;;;;;;;;16267;86;269
West Maas en Waal;848;1948;1697;588;731;;592;125;57;;;;;;;;;;;;;;;;1623;;;;;;;;;;;;;;;;;;;;;;;;;;;;;;;;;;;7210;30;101
Westerkwartier (Noorderzijlvest);7285;2756;3215;2984;1127;763;;4272;;;;;;;;;;;;;;;;;;;;;;;;;;;;;;;;;;;;;;;2058;;;;;;;;;;;;;18094;88;287
Westerkwartier (Fryslân);421;277;1018;227;143;;190;651;;;;;;;;;;;;147;;;;;;385;;;;;;;;;;;;;;;;;;;;;;;;;;;;;;;;;;3475;20;56
Westerveld;1832;1857;1371;;723;1932;;407;153;;;;;;;;;;;;;1618;;;;;;;;;;;;;;;;;;;;;;;;;;;;;;;;;;;;;;6118;28;152
Westervoort;1255;826;1266;1572;656;283;;;;;;;;;;;;;;;;;;136;;;;;;;;;;;;;;;;;;;;;;;;239;;;;;;;;;;;;5862;29;104
Westerwolde;3426;1066;2011;1457;1056;1037;;516;;;;;;;;;;;;;;;;;;;;;;;;;;;;;;;;;;;;;;;;;;;;;;;;;;;;9809;44;115
Westland;5692;13139;10762;3404;2485;3676;2981;;;;;3101;;;;;;;;;;;;;;;;;;;;;;;;;;;;;;;;;;1332;;;;;;;;;112;;158;;177;38907;154;704
Weststellingwerf;1626;1514;2274;1825;823;;937;498;;;;;;;;;;;;574;;;;;;1166;;;;;;;;;;;;;;;;;;;;;;;;;;;;;;;;;;9624;43;130
Westvoorne;367;1071;427;369;301;172;;175;44;;3331;;;;;;;;;;;;;;;;;;;;;810;;;;;;;;;;;;;;;;;;;;;;;;;;;;5078;24;92
Wierden;1745;1912;3491;;556;1283;;1409;873;;;;;;;;;;;;;;;;;;;;;;;;;;;;;;;;;278;;;;;;;;;;;;;;43;;;;7329;39;163
Wijchen;2833;2707;3845;2149;2490;;1685;373;107;;;;;;;;;;;;;;;;749;;;;;;;;;;;;;;;;;;;;;;;;;;;;;;;;;;;15638;69;411
Wijdemeren;1510;2618;2659;1135;773;;1116;590;;;;;;;;;;;407;;;;;;;;;;;;;;;;;;;;;;;;;;483;;;;;;182;;;22;;;;26;;7749;40;185
Wijk bij Duurstede;2856;1574;1447;880;647;;888;534;699;;;;;;;;;;;;;;;;;;;;;;714;;;;;;;;;;484;;;;;;;;;;;;;;;;;;;8022;58;171
Winterswijk;1836;1955;2618;1825;604;300;;;;;;;;;;;;;;;;;;2493;;;;;;;;;;;;;;;;;;;;;;;;248;;;;;;;;;;;;11283;52;223
Woensdrecht (Scheldestromen);0;0;1;0;0;;;0;0;;;;;;;;;;;;;;;;;;;;;0;;;;;;;;;;;;;;1;;;;;0;;;;;;;;;;;2;0;0
Woensdrecht (Brabantse Delta);536;1155;1247;946;730;137;673;69;;;;;;1233;;;;;;;925;;;;;;;;;;;;;;;;;;;;;;;;;;;;;;;;;;;;;;;10042;70;99
Woerden (De Stichtse Rijnlanden);3754;3126;5262;1994;920;;1685;1692;1281;;;;;;;;;;;;;;;;;;;;;;1773;;;;;;;;;;2340;;;;;;;;;;;;;;;;;;;16415;79;350
Woerden (Rijnland);4;11;10;3;0;1;3;;;;;3;;;;;;;;;;;;;;;;;;;;;;;;;;;;;;;;;;;;;;1;;;;;;;;;;20;2;0
Wormerland;761;786;506;972;513;599;;258;;2888;;;;;;;;;;;;;;;;;;;;;;;;;;;210;;;;;;;;;;;;;;;;;;;;;;;5672;45;144
Woudenberg;498;846;779;414;246;384;;726;1961;;;;;;;492;;;;;;;;;;;;;;;;;;;;;;;;;;;;;;;;;;;;;41;;;;;;;3524;16;88
Zaanstad;5549;5863;3390;10249;5831;4022;;2216;;18135;;;;;;;;;;;;;;;;;;;;;;;;;;;1829;;;;;;;;;;;;;;;;;;;;;;;65831;322;1434
Zaltbommel;1494;1477;2397;1212;855;;817;1012;2443;;;;;;;;;;;;;;;;709;;;;;;;;;;;;;;;;;;;;;;;;;;;;;;;;;;;9483;52;136
Zandvoort;743;1849;1219;865;715;521;979;;;;;151;;;;;;;;;;;;;;;;;;;;;;;;;;;;;;;;;;;;;;186;;;;;;;;;;6842;36;154
Zeewolde;;1056;989;;576;320;;;;;;1417;3367;;;;;;;;;;;;;;;;;;;;;;;;;;;1444;;;;;;;;;;;;162;;;;;;;;7940;26;128
Zeist (Vallei en Veluwe);43;42;14;21;15;22;;9;4;;;;;;;11;;;;;;;;;;;;;;;;;;;;;;;;;;;;;;;;;;;;;3;;;;;;;508;1;3
Zeist (De Stichtse Rijnlanden);7195;4893;2745;2879;1399;;3263;1900;780;;;;;;;;;;;;;;;;;;;;;;1958;;;;;;;;;;1091;;;;;;;;;;;;;;;;;;;20849;119;525
Zevenaar;3262;2532;3790;3194;1597;696;;;;;;;;;;;;;;;;;;343;;;;;;;;;;;;;;;;;;;;;;;;1890;;;;;;;;;;;;18067;55;287
Zoetermeer (Rijnland);4209;5293;2523;5100;3389;2758;3509;;;;;1986;;;;;;;;;;;;;;;;;;;;;;;;;;;;;;;;;;;;;;487;;;;;;;;;;31927;157;523
Zoetermeer (Delfland);4;4;0;1;1;3;1;;;;;0;;;;;;;;;;;;;;;;;;;;;;;;;;;;;;;;;;0;;;;;;;;;0;;0;;0;0;0;0
Zoetermeer (Schieland en de Krimpenerwaard);4314;4212;1458;2282;2628;1727;;;;;;;;;;;;;;;;;;;;;;;;;;;1180;;;;;;;;;;602;;;;;;;;;;;;;;;;;18850;80;320
Zoeterwoude;482;845;781;905;310;243;306;;;;;160;;;;;;;;;;;;;;;;;;;;;;;;;;;;;;;;;;;;;;37;;;;;;;;;;2715;17;51
Zuidplas;3538;3563;1658;1780;1555;831;;;;;;;;;;;;;;;;;;;;;;;;;;;3411;;;;;;;;;;2373;;;;;;;;;;;;;;;;;14437;65;290
Zundert;777;1428;1482;463;642;162;556;92;;;;;;959;;;;;;;1479;;;;;;;;;;;;;;;;;;;;;;;;;;;;;;;;;;;;;;;10105;63;173
Zutphen (Rijn en IJssel);5110;2138;2015;3755;945;856;;;;;;;;;;;;;;;;;;4633;;;;;;;;;;;;;;;;;;;;;;;;221;;;;;;;;;;;;16156;91;397
Zutphen (Vallei en Veluwe);280;114;66;212;93;105;;71;10;;;;;;;140;;;;;;;;;;;;;;;;;;;;;;;;;;;;;;;;;;;;;12;;;;;;;841;4;25
Zwartewaterland;1244;938;1366;;470;554;;2148;3080;;;;;;;;;;;;;1033;;;;;;;;;;;;;;;;;;;;;;;;;;;;;;;;;;;;;;5977;27;120
Zwijndrecht;1249;1649;2044;1444;1353;621;;1530;1109;;4543;;;;;;;;;;;;;;;;;;;;;1206;;;;;;;;;;;;;;;;;;;;;;;;;;;;18772;74;351
Zwolle;15474;9641;6087;;3656;7579;;9026;1097;;;;;;;;;;;;;4030;;;;;;;;;;;;;;;;;;;;;;;;;;;;;;;;;;;;;;42397;217;1471
